customer_id,customer_name,email,registration_date,customer_type
CUST0001,Customer 1,customer1@,2020-02-24,PREMIUM
CUST0002,Customer 2,customer2example.com,2020-07-01,PREMIUM
CUST0003,Customer 3,customer3example.com,2022-11-29,VIP
CUST0004,Customer 4,customer4example.com,2020-04-20,VIP
CUST0005,Customer 5,customer5@,2020-02-26,REGULAR
CUST0006,Customer 6,customer6example.com,2020-01-24,PREMIUM
CUST0007,Customer 7,customer7@,2020-11-19,PREMIUM
CUST0008,Customer 8,customer8@,2022-03-18,PREMIUM
CUST0009,Customer 9,customer9@,2022-02-16,REGULAR
CUST0010,Customer 10,customer10example.com,2022-09-22,PREMIUM
CUST0011,Customer 11,customer11@example.com,2021-05-15,REGULAR
CUST0012,Customer 12,customer12@example.com,2020-07-09,REGULAR
CUST0013,Customer 13,customer13@example.com,2022-02-24,REGULAR
CUST0014,Customer 14,customer14@example.com,2021-01-07,PREMIUM
CUST0015,Customer 15,customer15@example.com,2022-07-10,PREMIUM
CUST0016,Customer 16,customer16@example.com,2021-08-25,PREMIUM
CUST0017,Customer 17,customer17@example.com,2020-03-20,REGULAR
CUST0018,Customer 18,customer18@example.com,2022-11-12,REGULAR
CUST0019,Customer 19,customer19@example.com,2021-12-29,PREMIUM
CUST0020,Customer 20,customer20@example.com,2021-05-01,REGULAR
CUST0021,Customer 21,customer21@example.com,2022-09-16,PREMIUM
CUST0022,Customer 22,customer22@example.com,2022-08-26,PREMIUM
CUST0023,Customer 23,customer23@example.com,2020-02-09,REGULAR
CUST0024,Customer 24,customer24@example.com,2021-08-14,VIP
CUST0025,Customer 25,customer25@example.com,2022-12-04,PREMIUM
CUST0026,Customer 26,customer26@example.com,2022-11-25,PREMIUM
CUST0027,Customer 27,customer27@example.com,2022-10-10,PREMIUM
CUST0028,Customer 28,customer28@example.com,2021-03-26,REGULAR
CUST0029,Customer 29,customer29@example.com,2020-10-18,PREMIUM
CUST0030,Customer 30,customer30@example.com,2021-10-20,REGULAR
CUST0031,Customer 31,customer31@example.com,2020-11-19,PREMIUM
CUST0032,Customer 32,customer32@example.com,2022-05-17,PREMIUM
CUST0033,Customer 33,customer33@example.com,2022-12-29,REGULAR
CUST0034,Customer 34,customer34@example.com,2021-08-03,VIP
CUST0035,Customer 35,customer35@example.com,2022-04-25,PREMIUM
CUST0036,Customer 36,customer36@example.com,2020-05-13,VIP
CUST0037,Customer 37,customer37@example.com,2022-03-07,PREMIUM
CUST0038,Customer 38,customer38@example.com,2021-01-11,VIP
CUST0039,Customer 39,customer39@example.com,2020-03-02,VIP
CUST0040,Customer 40,customer40@example.com,2020-05-24,VIP
CUST0041,Customer 41,customer41@example.com,2020-12-26,VIP
CUST0042,Customer 42,customer42@example.com,2021-11-05,VIP
CUST0043,Customer 43,customer43@example.com,2022-09-28,VIP
CUST0044,Customer 44,customer44@example.com,2020-06-27,REGULAR
CUST0045,Customer 45,customer45@example.com,2022-11-07,REGULAR
CUST0046,Customer 46,customer46@example.com,2021-09-30,PREMIUM
CUST0047,Customer 47,customer47@example.com,2021-06-19,VIP
CUST0048,Customer 48,customer48@example.com,2020-05-17,VIP
CUST0049,Customer 49,customer49@example.com,2020-12-14,REGULAR
CUST0050,Customer 50,customer50@example.com,2020-10-20,PREMIUM
CUST0051,Customer 51,customer51@example.com,2021-08-10,REGULAR
CUST0052,Customer 52,customer52@example.com,2022-06-27,REGULAR
CUST0053,Customer 53,customer53@example.com,2022-07-03,PREMIUM
CUST0054,Customer 54,customer54@example.com,2021-04-17,REGULAR
CUST0055,Customer 55,customer55@example.com,2022-02-05,VIP
CUST0056,Customer 56,customer56@example.com,2021-10-25,REGULAR
CUST0057,Customer 57,customer57@example.com,2021-07-17,REGULAR
CUST0058,Customer 58,customer58@example.com,2022-09-04,PREMIUM
CUST0059,Customer 59,customer59@example.com,2022-09-17,PREMIUM
CUST0060,Customer 60,customer60@example.com,2021-01-17,VIP
CUST0061,Customer 61,customer61@example.com,2022-08-01,REGULAR
CUST0062,Customer 62,customer62@example.com,2020-02-08,PREMIUM
CUST0063,Customer 63,customer63@example.com,2021-12-14,PREMIUM
CUST0064,Customer 64,customer64@example.com,2022-08-16,REGULAR
CUST0065,Customer 65,customer65@example.com,2022-01-06,REGULAR
CUST0066,Customer 66,customer66@example.com,2022-05-24,REGULAR
CUST0067,Customer 67,customer67@example.com,2020-02-28,PREMIUM
CUST0068,Customer 68,customer68@example.com,2021-02-24,PREMIUM
CUST0069,Customer 69,customer69@example.com,2020-04-09,VIP
CUST0070,Customer 70,customer70@example.com,2020-09-13,PREMIUM
CUST0071,Customer 71,customer71@example.com,2020-07-28,REGULAR
CUST0072,Customer 72,customer72@example.com,2022-10-28,VIP
CUST0073,Customer 73,customer73@example.com,2020-12-25,PREMIUM
CUST0074,Customer 74,customer74@example.com,2022-08-23,VIP
CUST0075,Customer 75,customer75@example.com,2021-06-24,REGULAR
CUST0076,Customer 76,customer76@example.com,2020-11-16,REGULAR
CUST0077,Customer 77,customer77@example.com,2022-12-16,PREMIUM
CUST0078,Customer 78,customer78@example.com,2021-07-24,PREMIUM
CUST0079,Customer 79,customer79@example.com,2022-08-10,VIP
CUST0080,Customer 80,customer80@example.com,2020-05-16,PREMIUM
CUST0081,Customer 81,customer81@example.com,2022-05-23,REGULAR
CUST0082,Customer 82,customer82@example.com,2021-03-08,VIP
CUST0083,Customer 83,customer83@example.com,2022-05-10,VIP
CUST0084,Customer 84,customer84@example.com,2020-04-06,PREMIUM
CUST0085,Customer 85,customer85@example.com,2022-12-11,VIP
CUST0086,Customer 86,customer86@example.com,2020-03-17,PREMIUM
CUST0087,Customer 87,customer87@example.com,2022-07-18,VIP
CUST0088,Customer 88,customer88@example.com,2020-10-04,REGULAR
CUST0089,Customer 89,customer89@example.com,2022-05-27,REGULAR
CUST0090,Customer 90,customer90@example.com,2021-06-02,REGULAR
CUST0091,Customer 91,customer91@example.com,2022-08-31,PREMIUM
CUST0092,Customer 92,customer92@example.com,2021-02-26,PREMIUM
CUST0093,Customer 93,customer93@example.com,2022-11-08,VIP
CUST0094,Customer 94,customer94@example.com,2020-01-18,PREMIUM
CUST0095,Customer 95,customer95@example.com,2020-05-25,REGULAR
CUST0096,Customer 96,customer96@example.com,2020-01-16,PREMIUM
CUST0097,Customer 97,customer97@example.com,2020-09-06,REGULAR
CUST0098,Customer 98,customer98@example.com,2021-10-31,PREMIUM
CUST0099,Customer 99,customer99@example.com,2020-02-08,VIP
CUST0100,Customer 100,customer100@example.com,2021-11-05,REGULAR
CUST0101,Customer 101,customer101@example.com,2021-02-11,VIP
CUST0102,Customer 102,customer102@example.com,2022-06-07,REGULAR
CUST0103,Customer 103,customer103@example.com,2020-11-16,VIP
CUST0104,Customer 104,customer104@example.com,2022-01-03,PREMIUM
CUST0105,Customer 105,customer105@example.com,2022-06-12,VIP
CUST0106,Customer 106,customer106@example.com,2022-05-29,VIP
CUST0107,Customer 107,customer107@example.com,2020-09-13,VIP
CUST0108,Customer 108,customer108@example.com,2020-02-11,PREMIUM
CUST0109,Customer 109,customer109@example.com,2021-11-05,PREMIUM
CUST0110,Customer 110,customer110@example.com,2021-03-03,VIP
CUST0111,Customer 111,customer111@example.com,2021-08-12,VIP
CUST0112,Customer 112,customer112@example.com,2022-10-18,PREMIUM
CUST0113,Customer 113,customer113@example.com,2020-11-20,PREMIUM
CUST0114,Customer 114,customer114@example.com,2020-02-03,PREMIUM
CUST0115,Customer 115,customer115@example.com,2022-07-16,REGULAR
CUST0116,Customer 116,customer116@example.com,2021-11-25,REGULAR
CUST0117,Customer 117,customer117@example.com,2022-09-10,REGULAR
CUST0118,Customer 118,customer118@example.com,2022-02-22,VIP
CUST0119,Customer 119,customer119@example.com,2020-08-31,VIP
CUST0120,Customer 120,customer120@example.com,2020-04-02,VIP
CUST0121,Customer 121,customer121@example.com,2020-06-25,REGULAR
CUST0122,Customer 122,customer122@example.com,2022-01-12,VIP
CUST0123,Customer 123,customer123@example.com,2020-08-23,VIP
CUST0124,Customer 124,customer124@example.com,2020-01-02,VIP
CUST0125,Customer 125,customer125@example.com,2020-11-09,PREMIUM
CUST0126,Customer 126,customer126@example.com,2020-11-27,VIP
CUST0127,Customer 127,customer127@example.com,2022-02-27,VIP
CUST0128,Customer 128,customer128@example.com,2020-11-10,PREMIUM
CUST0129,Customer 129,customer129@example.com,2022-05-17,VIP
CUST0130,Customer 130,customer130@example.com,2022-09-22,REGULAR
CUST0131,Customer 131,customer131@example.com,2022-12-27,REGULAR
CUST0132,Customer 132,customer132@example.com,2021-06-11,VIP
CUST0133,Customer 133,customer133@example.com,2020-11-01,PREMIUM
CUST0134,Customer 134,customer134@example.com,2020-08-09,PREMIUM
CUST0135,Customer 135,customer135@example.com,2020-09-09,VIP
CUST0136,Customer 136,customer136@example.com,2020-09-23,PREMIUM
CUST0137,Customer 137,customer137@example.com,2022-09-15,REGULAR
CUST0138,Customer 138,customer138@example.com,2021-11-16,VIP
CUST0139,Customer 139,customer139@example.com,2020-05-15,VIP
CUST0140,Customer 140,customer140@example.com,2020-02-03,PREMIUM
CUST0141,Customer 141,customer141@example.com,2021-07-31,VIP
CUST0142,Customer 142,customer142@example.com,2020-12-06,VIP
CUST0143,Customer 143,customer143@example.com,2022-06-17,VIP
CUST0144,Customer 144,customer144@example.com,2021-02-16,PREMIUM
CUST0145,Customer 145,customer145@example.com,2022-11-09,VIP
CUST0146,Customer 146,customer146@example.com,2020-09-09,REGULAR
CUST0147,Customer 147,customer147@example.com,2021-04-10,PREMIUM
CUST0148,Customer 148,customer148@example.com,2020-12-15,REGULAR
CUST0149,Customer 149,customer149@example.com,2022-05-11,VIP
CUST0150,Customer 150,customer150@example.com,2020-01-30,VIP
CUST0151,Customer 151,customer151@example.com,2021-11-30,REGULAR
CUST0152,Customer 152,customer152@example.com,2020-06-17,REGULAR
CUST0153,Customer 153,customer153@example.com,2022-11-18,REGULAR
CUST0154,Customer 154,customer154@example.com,2022-07-14,VIP
CUST0155,Customer 155,customer155@example.com,2022-05-11,REGULAR
CUST0156,Customer 156,customer156@example.com,2020-04-12,PREMIUM
CUST0157,Customer 157,customer157@example.com,2022-09-12,VIP
CUST0158,Customer 158,customer158@example.com,2022-07-26,REGULAR
CUST0159,Customer 159,customer159@example.com,2020-11-19,VIP
CUST0160,Customer 160,customer160@example.com,2022-10-09,VIP
CUST0161,Customer 161,customer161@example.com,2021-03-26,VIP
CUST0162,Customer 162,customer162@example.com,2021-07-27,PREMIUM
CUST0163,Customer 163,customer163@example.com,2022-05-14,VIP
CUST0164,Customer 164,customer164@example.com,2020-11-28,PREMIUM
CUST0165,Customer 165,customer165@example.com,2022-10-12,REGULAR
CUST0166,Customer 166,customer166@example.com,2020-12-16,VIP
CUST0167,Customer 167,customer167@example.com,2020-02-17,PREMIUM
CUST0168,Customer 168,customer168@example.com,2020-06-16,REGULAR
CUST0169,Customer 169,customer169@example.com,2021-01-23,REGULAR
CUST0170,Customer 170,customer170@example.com,2022-03-22,PREMIUM
CUST0171,Customer 171,customer171@example.com,2020-02-25,PREMIUM
CUST0172,Customer 172,customer172@example.com,2022-12-10,PREMIUM
CUST0173,Customer 173,customer173@example.com,2020-06-07,REGULAR
CUST0174,Customer 174,customer174@example.com,2020-10-22,PREMIUM
CUST0175,Customer 175,customer175@example.com,2022-11-15,REGULAR
CUST0176,Customer 176,customer176@example.com,2022-11-11,VIP
CUST0177,Customer 177,customer177@example.com,2021-05-11,PREMIUM
CUST0178,Customer 178,customer178@example.com,2020-04-28,PREMIUM
CUST0179,Customer 179,customer179@example.com,2022-11-17,VIP
CUST0180,Customer 180,customer180@example.com,2021-05-03,PREMIUM
CUST0181,Customer 181,customer181@example.com,2021-03-25,PREMIUM
CUST0182,Customer 182,customer182@example.com,2022-10-07,VIP
CUST0183,Customer 183,customer183@example.com,2021-12-07,VIP
CUST0184,Customer 184,customer184@example.com,2022-08-03,PREMIUM
CUST0185,Customer 185,customer185@example.com,2020-11-28,PREMIUM
CUST0186,Customer 186,customer186@example.com,2022-03-28,PREMIUM
CUST0187,Customer 187,customer187@example.com,2020-02-19,VIP
CUST0188,Customer 188,customer188@example.com,2021-07-26,REGULAR
CUST0189,Customer 189,customer189@example.com,2020-04-12,PREMIUM
CUST0190,Customer 190,customer190@example.com,2020-06-23,REGULAR
CUST0191,Customer 191,customer191@example.com,2022-08-10,PREMIUM
CUST0192,Customer 192,customer192@example.com,2021-01-10,PREMIUM
CUST0193,Customer 193,customer193@example.com,2021-07-25,REGULAR
CUST0194,Customer 194,customer194@example.com,2022-09-04,REGULAR
CUST0195,Customer 195,customer195@example.com,2021-07-23,PREMIUM
CUST0196,Customer 196,customer196@example.com,2022-09-01,VIP
CUST0197,Customer 197,customer197@example.com,2020-11-11,VIP
CUST0198,Customer 198,customer198@example.com,2021-02-10,REGULAR
CUST0199,Customer 199,customer199@example.com,2021-08-28,PREMIUM
CUST0200,Customer 200,customer200@example.com,2022-02-22,REGULAR
CUST0201,Customer 201,customer201@example.com,2022-03-05,REGULAR
CUST0202,Customer 202,customer202@example.com,2022-07-16,PREMIUM
CUST0203,Customer 203,customer203@example.com,2021-05-24,VIP
CUST0204,Customer 204,customer204@example.com,2020-08-19,VIP
CUST0205,Customer 205,customer205@example.com,2022-01-16,PREMIUM
CUST0206,Customer 206,customer206@example.com,2021-03-04,REGULAR
CUST0207,Customer 207,customer207@example.com,2022-02-26,PREMIUM
CUST0208,Customer 208,customer208@example.com,2020-03-08,PREMIUM
CUST0209,Customer 209,customer209@example.com,2022-07-09,VIP
CUST0210,Customer 210,customer210@example.com,2021-12-12,REGULAR
CUST0211,Customer 211,customer211@example.com,2020-08-07,VIP
CUST0212,Customer 212,customer212@example.com,2022-05-22,VIP
CUST0213,Customer 213,customer213@example.com,2021-07-03,PREMIUM
CUST0214,Customer 214,customer214@example.com,2021-11-24,PREMIUM
CUST0215,Customer 215,customer215@example.com,2022-02-21,VIP
CUST0216,Customer 216,customer216@example.com,2021-05-10,PREMIUM
CUST0217,Customer 217,customer217@example.com,2021-04-19,REGULAR
CUST0218,Customer 218,customer218@example.com,2020-08-06,VIP
CUST0219,Customer 219,customer219@example.com,2022-09-24,VIP
CUST0220,Customer 220,customer220@example.com,2021-10-21,REGULAR
CUST0221,Customer 221,customer221@example.com,2022-11-22,PREMIUM
CUST0222,Customer 222,customer222@example.com,2020-11-26,VIP
CUST0223,Customer 223,customer223@example.com,2022-01-24,VIP
CUST0224,Customer 224,customer224@example.com,2022-01-22,VIP
CUST0225,Customer 225,customer225@example.com,2021-10-10,PREMIUM
CUST0226,Customer 226,customer226@example.com,2021-03-23,REGULAR
CUST0227,Customer 227,customer227@example.com,2021-08-11,VIP
CUST0228,Customer 228,customer228@example.com,2022-11-23,PREMIUM
CUST0229,Customer 229,customer229@example.com,2021-08-22,PREMIUM
CUST0230,Customer 230,customer230@example.com,2020-07-22,REGULAR
CUST0231,Customer 231,customer231@example.com,2022-07-09,PREMIUM
CUST0232,Customer 232,customer232@example.com,2021-12-27,PREMIUM
CUST0233,Customer 233,customer233@example.com,2022-08-14,REGULAR
CUST0234,Customer 234,customer234@example.com,2020-12-28,REGULAR
CUST0235,Customer 235,customer235@example.com,2022-05-18,VIP
CUST0236,Customer 236,customer236@example.com,2021-12-01,VIP
CUST0237,Customer 237,customer237@example.com,2021-08-05,REGULAR
CUST0238,Customer 238,customer238@example.com,2021-01-10,VIP
CUST0239,Customer 239,customer239@example.com,2022-02-21,REGULAR
CUST0240,Customer 240,customer240@example.com,2022-01-20,VIP
CUST0241,Customer 241,customer241@example.com,2022-04-05,REGULAR
CUST0242,Customer 242,customer242@example.com,2020-06-28,REGULAR
CUST0243,Customer 243,customer243@example.com,2020-02-16,REGULAR
CUST0244,Customer 244,customer244@example.com,2020-07-06,PREMIUM
CUST0245,Customer 245,customer245@example.com,2021-04-07,REGULAR
CUST0246,Customer 246,customer246@example.com,2021-12-28,REGULAR
CUST0247,Customer 247,customer247@example.com,2022-03-10,VIP
CUST0248,Customer 248,customer248@example.com,2020-05-22,VIP
CUST0249,Customer 249,customer249@example.com,2021-06-17,REGULAR
CUST0250,Customer 250,customer250@example.com,2020-03-05,VIP
CUST0251,Customer 251,customer251@example.com,2020-02-28,VIP
CUST0252,Customer 252,customer252@example.com,2022-03-18,PREMIUM
CUST0253,Customer 253,customer253@example.com,2021-03-17,REGULAR
CUST0254,Customer 254,customer254@example.com,2020-09-13,PREMIUM
CUST0255,Customer 255,customer255@example.com,2020-07-09,REGULAR
CUST0256,Customer 256,customer256@example.com,2020-07-17,PREMIUM
CUST0257,Customer 257,customer257@example.com,2020-04-17,PREMIUM
CUST0258,Customer 258,customer258@example.com,2021-08-25,REGULAR
CUST0259,Customer 259,customer259@example.com,2020-10-17,PREMIUM
CUST0260,Customer 260,customer260@example.com,2021-12-13,VIP
CUST0261,Customer 261,customer261@example.com,2020-06-05,PREMIUM
CUST0262,Customer 262,customer262@example.com,2022-09-20,PREMIUM
CUST0263,Customer 263,customer263@example.com,2021-03-14,PREMIUM
CUST0264,Customer 264,customer264@example.com,2020-05-13,REGULAR
CUST0265,Customer 265,customer265@example.com,2021-01-09,REGULAR
CUST0266,Customer 266,customer266@example.com,2021-03-05,REGULAR
CUST0267,Customer 267,customer267@example.com,2020-07-25,REGULAR
CUST0268,Customer 268,customer268@example.com,2020-07-28,VIP
CUST0269,Customer 269,customer269@example.com,2021-05-02,VIP
CUST0270,Customer 270,customer270@example.com,2021-02-14,VIP
CUST0271,Customer 271,customer271@example.com,2022-03-26,PREMIUM
CUST0272,Customer 272,customer272@example.com,2021-05-14,VIP
CUST0273,Customer 273,customer273@example.com,2022-08-25,REGULAR
CUST0274,Customer 274,customer274@example.com,2022-10-11,PREMIUM
CUST0275,Customer 275,customer275@example.com,2021-12-19,PREMIUM
CUST0276,Customer 276,customer276@example.com,2020-03-22,PREMIUM
CUST0277,Customer 277,customer277@example.com,2020-02-11,PREMIUM
CUST0278,Customer 278,customer278@example.com,2020-02-22,PREMIUM
CUST0279,Customer 279,customer279@example.com,2021-09-16,VIP
CUST0280,Customer 280,customer280@example.com,2022-09-15,VIP
CUST0281,Customer 281,customer281@example.com,2021-07-30,VIP
CUST0282,Customer 282,customer282@example.com,2021-07-12,VIP
CUST0283,Customer 283,customer283@example.com,2021-11-10,VIP
CUST0284,Customer 284,customer284@example.com,2022-06-14,VIP
CUST0285,Customer 285,customer285@example.com,2021-10-27,PREMIUM
CUST0286,Customer 286,customer286@example.com,2022-06-09,PREMIUM
CUST0287,Customer 287,customer287@example.com,2022-08-24,REGULAR
CUST0288,Customer 288,customer288@example.com,2021-10-05,VIP
CUST0289,Customer 289,customer289@example.com,2020-05-08,VIP
CUST0290,Customer 290,customer290@example.com,2021-06-23,REGULAR
CUST0291,Customer 291,customer291@example.com,2020-10-17,VIP
CUST0292,Customer 292,customer292@example.com,2021-01-25,VIP
CUST0293,Customer 293,customer293@example.com,2020-10-05,VIP
CUST0294,Customer 294,customer294@example.com,2021-11-24,PREMIUM
CUST0295,Customer 295,customer295@example.com,2020-10-10,VIP
CUST0296,Customer 296,customer296@example.com,2020-12-20,PREMIUM
CUST0297,Customer 297,customer297@example.com,2021-05-25,VIP
CUST0298,Customer 298,customer298@example.com,2022-01-08,VIP
CUST0299,Customer 299,customer299@example.com,2021-12-07,REGULAR
CUST0300,Customer 300,customer300@example.com,2020-04-09,VIP
CUST0301,Customer 301,customer301@example.com,2020-06-29,REGULAR
CUST0302,Customer 302,customer302@example.com,2021-03-22,PREMIUM
CUST0303,Customer 303,customer303@example.com,2022-12-17,VIP
CUST0304,Customer 304,customer304@example.com,2022-02-08,VIP
CUST0305,Customer 305,customer305@example.com,2021-05-02,REGULAR
CUST0306,Customer 306,customer306@example.com,2020-05-31,REGULAR
CUST0307,Customer 307,customer307@example.com,2022-12-01,VIP
CUST0308,Customer 308,customer308@example.com,2020-10-26,REGULAR
CUST0309,Customer 309,customer309@example.com,2022-07-10,PREMIUM
CUST0310,Customer 310,customer310@example.com,2021-04-03,PREMIUM
CUST0311,Customer 311,customer311@example.com,2022-09-27,REGULAR
CUST0312,Customer 312,customer312@example.com,2022-03-09,PREMIUM
CUST0313,Customer 313,customer313@example.com,2022-10-18,VIP
CUST0314,Customer 314,customer314@example.com,2020-11-04,PREMIUM
CUST0315,Customer 315,customer315@example.com,2022-07-25,PREMIUM
CUST0316,Customer 316,customer316@example.com,2021-10-01,REGULAR
CUST0317,Customer 317,customer317@example.com,2021-04-17,PREMIUM
CUST0318,Customer 318,customer318@example.com,2020-06-15,PREMIUM
CUST0319,Customer 319,customer319@example.com,2020-04-23,VIP
CUST0320,Customer 320,customer320@example.com,2020-09-03,PREMIUM
CUST0321,Customer 321,customer321@example.com,2021-09-06,REGULAR
CUST0322,Customer 322,customer322@example.com,2020-06-27,VIP
CUST0323,Customer 323,customer323@example.com,2020-06-15,VIP
CUST0324,Customer 324,customer324@example.com,2021-08-02,PREMIUM
CUST0325,Customer 325,customer325@example.com,2020-04-15,REGULAR
CUST0326,Customer 326,customer326@example.com,2021-01-23,PREMIUM
CUST0327,Customer 327,customer327@example.com,2021-06-09,REGULAR
CUST0328,Customer 328,customer328@example.com,2022-01-16,PREMIUM
CUST0329,Customer 329,customer329@example.com,2020-05-07,PREMIUM
CUST0330,Customer 330,customer330@example.com,2021-12-28,VIP
CUST0331,Customer 331,customer331@example.com,2022-03-20,VIP
CUST0332,Customer 332,customer332@example.com,2022-10-06,REGULAR
CUST0333,Customer 333,customer333@example.com,2020-06-08,PREMIUM
CUST0334,Customer 334,customer334@example.com,2020-05-15,VIP
CUST0335,Customer 335,customer335@example.com,2020-11-27,REGULAR
CUST0336,Customer 336,customer336@example.com,2022-03-03,VIP
CUST0337,Customer 337,customer337@example.com,2021-06-13,PREMIUM
CUST0338,Customer 338,customer338@example.com,2022-01-02,PREMIUM
CUST0339,Customer 339,customer339@example.com,2020-03-14,PREMIUM
CUST0340,Customer 340,customer340@example.com,2022-12-14,PREMIUM
CUST0341,Customer 341,customer341@example.com,2021-07-06,VIP
CUST0342,Customer 342,customer342@example.com,2020-12-09,VIP
CUST0343,Customer 343,customer343@example.com,2020-07-16,REGULAR
CUST0344,Customer 344,customer344@example.com,2022-09-02,PREMIUM
CUST0345,Customer 345,customer345@example.com,2022-10-02,VIP
CUST0346,Customer 346,customer346@example.com,2021-07-30,VIP
CUST0347,Customer 347,customer347@example.com,2022-05-27,PREMIUM
CUST0348,Customer 348,customer348@example.com,2022-06-20,PREMIUM
CUST0349,Customer 349,customer349@example.com,2020-09-27,VIP
CUST0350,Customer 350,customer350@example.com,2020-01-03,PREMIUM
CUST0351,Customer 351,customer351@example.com,2021-11-17,PREMIUM
CUST0352,Customer 352,customer352@example.com,2020-09-17,VIP
CUST0353,Customer 353,customer353@example.com,2021-06-22,VIP
CUST0354,Customer 354,customer354@example.com,2021-04-16,VIP
CUST0355,Customer 355,customer355@example.com,2022-06-25,PREMIUM
CUST0356,Customer 356,customer356@example.com,2021-08-18,PREMIUM
CUST0357,Customer 357,customer357@example.com,2020-10-04,PREMIUM
CUST0358,Customer 358,customer358@example.com,2022-03-27,VIP
CUST0359,Customer 359,customer359@example.com,2020-07-23,PREMIUM
CUST0360,Customer 360,customer360@example.com,2022-04-27,REGULAR
CUST0361,Customer 361,customer361@example.com,2020-01-15,PREMIUM
CUST0362,Customer 362,customer362@example.com,2022-03-09,REGULAR
CUST0363,Customer 363,customer363@example.com,2022-04-20,PREMIUM
CUST0364,Customer 364,customer364@example.com,2021-05-19,PREMIUM
CUST0365,Customer 365,customer365@example.com,2022-12-10,PREMIUM
CUST0366,Customer 366,customer366@example.com,2020-08-20,VIP
CUST0367,Customer 367,customer367@example.com,2021-01-10,REGULAR
CUST0368,Customer 368,customer368@example.com,2022-07-22,REGULAR
CUST0369,Customer 369,customer369@example.com,2021-05-04,REGULAR
CUST0370,Customer 370,customer370@example.com,2020-04-27,VIP
CUST0371,Customer 371,customer371@example.com,2022-03-06,REGULAR
CUST0372,Customer 372,customer372@example.com,2021-05-14,VIP
CUST0373,Customer 373,customer373@example.com,2022-05-28,PREMIUM
CUST0374,Customer 374,customer374@example.com,2020-05-12,VIP
CUST0375,Customer 375,customer375@example.com,2020-05-11,VIP
CUST0376,Customer 376,customer376@example.com,2022-09-22,PREMIUM
CUST0377,Customer 377,customer377@example.com,2022-02-01,VIP
CUST0378,Customer 378,customer378@example.com,2022-07-21,VIP
CUST0379,Customer 379,customer379@example.com,2021-07-29,REGULAR
CUST0380,Customer 380,customer380@example.com,2022-06-21,VIP
CUST0381,Customer 381,customer381@example.com,2022-07-30,REGULAR
CUST0382,Customer 382,customer382@example.com,2020-02-03,REGULAR
CUST0383,Customer 383,customer383@example.com,2021-12-27,PREMIUM
CUST0384,Customer 384,customer384@example.com,2022-09-19,VIP
CUST0385,Customer 385,customer385@example.com,2022-11-04,PREMIUM
CUST0386,Customer 386,customer386@example.com,2021-12-23,VIP
CUST0387,Customer 387,customer387@example.com,2020-01-16,PREMIUM
CUST0388,Customer 388,customer388@example.com,2020-02-25,PREMIUM
CUST0389,Customer 389,customer389@example.com,2021-07-10,VIP
CUST0390,Customer 390,customer390@example.com,2021-08-20,PREMIUM
CUST0391,Customer 391,customer391@example.com,2020-12-22,PREMIUM
CUST0392,Customer 392,customer392@example.com,2022-06-04,VIP
CUST0393,Customer 393,customer393@example.com,2022-01-19,VIP
CUST0394,Customer 394,customer394@example.com,2022-08-16,PREMIUM
CUST0395,Customer 395,customer395@example.com,2021-09-30,PREMIUM
CUST0396,Customer 396,customer396@example.com,2020-11-05,PREMIUM
CUST0397,Customer 397,customer397@example.com,2020-10-15,VIP
CUST0398,Customer 398,customer398@example.com,2022-10-28,REGULAR
CUST0399,Customer 399,customer399@example.com,2020-06-28,REGULAR
CUST0400,Customer 400,customer400@example.com,2021-10-01,PREMIUM
CUST0401,Customer 401,customer401@example.com,2021-12-14,VIP
CUST0402,Customer 402,customer402@example.com,2020-06-22,REGULAR
CUST0403,Customer 403,customer403@example.com,2020-06-02,REGULAR
CUST0404,Customer 404,customer404@example.com,2021-05-22,REGULAR
CUST0405,Customer 405,customer405@example.com,2020-03-24,REGULAR
CUST0406,Customer 406,customer406@example.com,2020-12-30,VIP
CUST0407,Customer 407,customer407@example.com,2022-06-07,PREMIUM
CUST0408,Customer 408,customer408@example.com,2021-08-19,VIP
CUST0409,Customer 409,customer409@example.com,2021-01-31,PREMIUM
CUST0410,Customer 410,customer410@example.com,2020-09-25,REGULAR
CUST0411,Customer 411,customer411@example.com,2022-04-16,PREMIUM
CUST0412,Customer 412,customer412@example.com,2020-02-03,VIP
CUST0413,Customer 413,customer413@example.com,2020-06-03,PREMIUM
CUST0414,Customer 414,customer414@example.com,2021-09-13,REGULAR
CUST0415,Customer 415,customer415@example.com,2022-01-22,REGULAR
CUST0416,Customer 416,customer416@example.com,2020-11-25,PREMIUM
CUST0417,Customer 417,customer417@example.com,2021-08-13,VIP
CUST0418,Customer 418,customer418@example.com,2020-03-27,REGULAR
CUST0419,Customer 419,customer419@example.com,2020-07-25,VIP
CUST0420,Customer 420,customer420@example.com,2020-03-16,REGULAR
CUST0421,Customer 421,customer421@example.com,2021-08-05,VIP
CUST0422,Customer 422,customer422@example.com,2020-04-18,VIP
CUST0423,Customer 423,customer423@example.com,2020-06-03,PREMIUM
CUST0424,Customer 424,customer424@example.com,2021-01-06,PREMIUM
CUST0425,Customer 425,customer425@example.com,2021-11-10,VIP
CUST0426,Customer 426,customer426@example.com,2021-09-18,REGULAR
CUST0427,Customer 427,customer427@example.com,2022-10-08,VIP
CUST0428,Customer 428,customer428@example.com,2022-02-16,VIP
CUST0429,Customer 429,customer429@example.com,2020-07-19,VIP
CUST0430,Customer 430,customer430@example.com,2021-07-21,VIP
CUST0431,Customer 431,customer431@example.com,2020-08-03,VIP
CUST0432,Customer 432,customer432@example.com,2022-06-09,REGULAR
CUST0433,Customer 433,customer433@example.com,2022-06-28,REGULAR
CUST0434,Customer 434,customer434@example.com,2021-12-03,PREMIUM
CUST0435,Customer 435,customer435@example.com,2020-11-16,VIP
CUST0436,Customer 436,customer436@example.com,2021-02-21,VIP
CUST0437,Customer 437,customer437@example.com,2022-11-25,PREMIUM
CUST0438,Customer 438,customer438@example.com,2021-10-24,PREMIUM
CUST0439,Customer 439,customer439@example.com,2020-11-19,PREMIUM
CUST0440,Customer 440,customer440@example.com,2022-11-02,VIP
CUST0441,Customer 441,customer441@example.com,2020-10-08,VIP
CUST0442,Customer 442,customer442@example.com,2022-05-29,PREMIUM
CUST0443,Customer 443,customer443@example.com,2022-09-15,PREMIUM
CUST0444,Customer 444,customer444@example.com,2020-08-21,VIP
CUST0445,Customer 445,customer445@example.com,2021-06-05,REGULAR
CUST0446,Customer 446,customer446@example.com,2021-08-21,VIP
CUST0447,Customer 447,customer447@example.com,2022-06-30,REGULAR
CUST0448,Customer 448,customer448@example.com,2020-04-30,VIP
CUST0449,Customer 449,customer449@example.com,2022-02-26,VIP
CUST0450,Customer 450,customer450@example.com,2020-06-27,PREMIUM
CUST0451,Customer 451,customer451@example.com,2022-07-24,PREMIUM
CUST0452,Customer 452,customer452@example.com,2022-09-01,REGULAR
CUST0453,Customer 453,customer453@example.com,2020-11-30,REGULAR
CUST0454,Customer 454,customer454@example.com,2022-07-31,VIP
CUST0455,Customer 455,customer455@example.com,2021-04-05,PREMIUM
CUST0456,Customer 456,customer456@example.com,2020-06-09,VIP
CUST0457,Customer 457,customer457@example.com,2021-11-30,PREMIUM
CUST0458,Customer 458,customer458@example.com,2020-02-07,PREMIUM
CUST0459,Customer 459,customer459@example.com,2021-04-21,PREMIUM
CUST0460,Customer 460,customer460@example.com,2021-12-17,REGULAR
CUST0461,Customer 461,customer461@example.com,2022-07-08,REGULAR
CUST0462,Customer 462,customer462@example.com,2022-12-06,REGULAR
CUST0463,Customer 463,customer463@example.com,2021-08-22,PREMIUM
CUST0464,Customer 464,customer464@example.com,2020-10-10,REGULAR
CUST0465,Customer 465,customer465@example.com,2020-07-07,VIP
CUST0466,Customer 466,customer466@example.com,2021-11-23,REGULAR
CUST0467,Customer 467,customer467@example.com,2020-04-16,VIP
CUST0468,Customer 468,customer468@example.com,2021-07-26,VIP
CUST0469,Customer 469,customer469@example.com,2021-12-09,REGULAR
CUST0470,Customer 470,customer470@example.com,2020-12-29,PREMIUM
CUST0471,Customer 471,customer471@example.com,2022-01-08,VIP
CUST0472,Customer 472,customer472@example.com,2022-02-12,VIP
CUST0473,Customer 473,customer473@example.com,2021-04-15,VIP
CUST0474,Customer 474,customer474@example.com,2022-01-02,REGULAR
CUST0475,Customer 475,customer475@example.com,2022-07-06,VIP
CUST0476,Customer 476,customer476@example.com,2022-10-26,REGULAR
CUST0477,Customer 477,customer477@example.com,2020-11-21,REGULAR
CUST0478,Customer 478,customer478@example.com,2020-09-13,REGULAR
CUST0479,Customer 479,customer479@example.com,2022-07-09,VIP
CUST0480,Customer 480,customer480@example.com,2022-06-03,PREMIUM
CUST0481,Customer 481,customer481@example.com,2022-07-04,VIP
CUST0482,Customer 482,customer482@example.com,2022-07-04,REGULAR
CUST0483,Customer 483,customer483@example.com,2020-12-30,REGULAR
CUST0484,Customer 484,customer484@example.com,2021-06-05,PREMIUM
CUST0485,Customer 485,customer485@example.com,2021-03-13,REGULAR
CUST0486,Customer 486,customer486@example.com,2020-07-15,PREMIUM
CUST0487,Customer 487,customer487@example.com,2022-12-08,PREMIUM
CUST0488,Customer 488,customer488@example.com,2020-07-13,REGULAR
CUST0489,Customer 489,customer489@example.com,2020-11-19,VIP
CUST0490,Customer 490,customer490@example.com,2020-07-22,VIP
CUST0491,Customer 491,customer491@example.com,2020-11-22,REGULAR
CUST0492,Customer 492,customer492@example.com,2022-02-06,VIP
CUST0493,Customer 493,customer493@example.com,2021-12-01,VIP
CUST0494,Customer 494,customer494@example.com,2021-07-24,REGULAR
CUST0495,Customer 495,customer495@example.com,2020-06-02,REGULAR
CUST0496,Customer 496,customer496@example.com,2022-02-10,VIP
CUST0497,Customer 497,customer497@example.com,2021-05-30,VIP
CUST0498,Customer 498,customer498@example.com,2020-11-23,PREMIUM
CUST0499,Customer 499,customer499@example.com,2021-07-16,REGULAR
CUST0500,Customer 500,customer500@example.com,2020-05-14,PREMIUM
